1565163,14241if_10
1564863,14241if_11
1564851,14241if_12
1564831,14241if_13
1564187,14241if_14
1564571,14241if_15
1565111,14241if_16
1565347,14241if_17
1565279,14241if_18
1565759,14241if_19
1564667,14241if_20
1564367,14241if_21
1565603,14241if_22
1565531,14241if_23
1564603,14241if_24
1565699,14241if_25
1565379,14241if_26
1565395,14241if_27
1564807,14241if_28
1564731,14241if_29
1565843,14241if_30
1564215,14241if_31
1565491,14241if_32
1564739,14241if_33
1564619,14241if_34
1565903,14241if_35
1565307,14241if_36
1565399,14241if_37
1565175,14241if_38
1564967,14241if_39
1564779,14241if_40
1565807,14241if_41
1564631,14241if_42
1565439,14241if_43
1565107,14241if_44
1564163,14241if_45
1564375,14241if_46
1566039,14241if_47
1565023,14241if_48
1565879,14241if_49
1565055,14241if_50
1565063,14241if_51
1565827,14241if_52
1564691,14241if_53
1565275,14241if_54
1565203,14241if_7
1564699,14241if_8
1564911,14241if_9
1564463,14243if_12
1564563,14243if_13
1565467,14243if_14
1564527,14243if_15
1565691,14243if_16
1565919,14243if_17
1564687,14243if_18
1565835,14243if_19
1565015,14243if_20
1565067,14243if_21
1565271,14243if_22
1565635,14243if_23
1565563,14243if_24
1564543,14243if_25
1564647,14243if_26
1565927,14243if_27
1564159,14243if_28
1564519,14243if_29
1565267,14243if_30
1564587,14243if_31
1565351,14243if_32
1564723,14243if_33
1565731,14243if_34
1564211,14243if_35
1565455,14243if_36
1564839,14243if_37
1565991,14243if_38
1565027,14243if_39
1564167,14243if_40
1564787,14243if_41
1565839,14243if_42
1565671,14243if_43
1564675,14243if_44
1565547,14243if_45
1564591,14243if_46
1564983,14243if_47
1565431,14243if_48
1565335,14243if_49
1564495,14243if_50
1564171,14243if_51
1564183,14243if_52
1564655,14243if_53
1565795,14243if_54
1564455,14243if_55
1564499,14243if_56
1565831,14243if_57
1565515,14243if_58
1565387,14243if_59
1565871,14243if_60
1565423,14245if_10
1565883,14245if_11
1564843,14245if_12
1564859,14245if_13
1565247,14245if_14
1565627,14245if_15
1565895,14245if_16
1564663,14245if_17
1565511,14245if_18
1565527,14245if_19
1565251,14245if_20
1564835,14245if_21
1565087,14245if_23
1565115,14245if_24
1565319,14245if_25
1565143,14245if_26
1565575,14245if_27
1565099,14245if_28
1565595,14245if_29
1564879,14245if_30
1564371,14245if_31
1564819,14245if_32
1565215,14245if_33
1565263,14245if_34
1565283,14245if_35
1564555,14245if_36
1564311,14245if_37
1565815,14245if_38
1565103,14245if_39
1564711,14245if_40
1564923,14245if_41
1564791,14245if_42
1564679,14245if_43
1564567,14245if_45
1564991,14245if_46
1565735,14245if_47
1565543,14245if_48
1565583,14245if_49
1564551,14245if_50
1565707,14245if_51
1564795,14245if_52
1564803,14245if_53
1565091,14245if_54
1565447,14245if_6
1565243,14245if_61
1564707,14245if_62
1565571,14245if_7
1565631,14245if_8
1565987,14245if_9
1565907,14247if_12
1565183,14247if_13
1565971,14247if_14
1565235,14247if_15
1564403,14247if_16
1565415,14247if_17
1565891,14247if_18
1564395,14247if_19
1565459,14247if_21
1565071,14247if_22
1565967,14247if_23
1565647,14247if_24
1565863,14247if_25
1564195,14247if_26
1565615,14247if_27
1566027,14247if_28
1564743,14247if_29
1564363,14247if_30
1565195,14247if_31
1565751,14247if_32
1565079,14247if_33
1564255,14247if_34
1564235,14247if_35
1564783,14247if_36
1564615,14247if_37
1564387,14247if_38
1565711,14247if_39
1565095,14247if_40
1564439,14247if_41
1564539,14247if_42
1564595,14247if_43
1564599,14247if_44
1564443,14247if_45
1564703,14247if_46
1566015,14247if_47
1565179,14247if_48
1565651,14247if_49
1564763,14247if_50
1564943,14247if_51
1564191,14247if_52
1565159,14247if_53
1564271,14247if_54
1565579,14247if_55
1565955,14247if_56
1565727,14247if_57
1565191,14247if_58
1565339,14247if_59
1565755,14247if_60
1564199,14250if_10
1564515,14250if_11
1565495,14250if_12
1565311,14250if_13
1564511,14250if_14
1564651,14250if_15
1565259,14250if_16
1564287,14250if_17
1565083,14250if_18
1565075,14250if_19
1565119,14250if_21
1564927,14250if_22
1564179,14250if_23
1564579,14250if_24
1565519,14250if_25
1564907,14250if_26
1564915,14250if_27
1565487,14250if_28
1564483,14250if_29
1565435,14250if_30
1564547,14250if_31
1565767,14250if_32
1565147,14250if_33
1565007,14250if_34
1564919,14250if_35
1565687,14250if_36
1565739,14250if_37
1565367,14250if_38
1564259,14250if_39
1564399,14250if_40
1564799,14250if_41
1565567,14250if_42
1565659,14250if_43
1564939,14250if_44
1566003,14250if_45
1565611,14250if_46
1565779,14250if_47
1565591,14250if_48
1564735,14250if_49
1565419,14250if_50
1564335,14250if_51
1565479,14250if_52
1565551,14250if_53
1564639,14250if_54
1565623,14250if_6
1564611,14250if_7
1564771,14250if_8
1564627,14250if_9
1564275,14253if_12
1565359,14253if_13
1565775,14253if_14
1566047,14253if_15
1564727,14253if_16
1564407,14253if_17
1564431,14253if_18
1565451,14253if_19
1564643,14253if_20
1565303,14253if_21
1564815,14253if_22
1565391,14253if_23
1564359,14253if_24
1565315,14253if_25
1564327,14253if_26
1564775,14253if_27
1564947,14253if_28
1564871,14253if_29
1564683,14253if_30
1565407,14253if_31
1565639,14253if_32
1564755,14253if_33
1564559,14253if_34
1565663,14253if_35
1564583,14253if_36
1564899,14253if_37
1565019,14253if_38
1565887,14253if_39
1565227,14253if_40
1565675,14253if_41
1564419,14253if_42
1565135,14253if_43
1565211,14253if_44
1564323,14253if_45
1565383,14253if_46
1565323,14253if_47
1565599,14253if_48
1564951,14253if_49
1565983,14253if_50
1565287,14253if_51
1565763,14253if_52
1565535,14253if_53
1565951,14253if_54
1564895,14253if_55
1564203,14253if_56
1564979,14253if_57
1565915,14253if_58
1564295,14253if_59
1565747,14253if_60
1564155,14255if_10
1565363,14255if_11
1565979,14255if_12
1564759,14255if_13
1564823,14255if_14
1565619,14255if_15
1565819,14255if_18
1564383,14255if_19
1565355,14255if_20
1565375,14255if_21
1565859,14255if_22
1565343,14255if_23
1565139,14255if_24
1564435,14255if_25
1565771,14255if_26
1565255,14255if_27
1564659,14255if_28
1564887,14255if_29
1564523,14255if_30
1566031,14255if_32
1564635,14255if_33
1565743,14255if_35
1565823,14255if_36
1566011,14255if_37
1564299,14255if_38
1565703,14255if_39
1564671,14255if_40
1564531,14255if_41
1564623,14255if_42
1564411,14255if_43
1565923,14255if_44
1564995,14255if_45
1565031,14255if_46
1564479,14255if_47
1565679,14255if_48
1564427,14255if_49
1565523,14255if_50
1564767,14255if_51
1565039,14255if_52
1565427,14255if_53
1564827,14255if_54
1565167,14255if_6
1564391,14255if_61
1564751,14255if_7
1564355,14255if_8
1564415,14255if_9
1565667,14258if_12
1565051,14258if_13
1565483,14258if_14
1564279,14258if_15
1565783,14258if_16
1565219,14258if_17
1564935,14258if_18
1565723,14258if_19
1565151,14258if_20
1564331,14258if_21
1565931,14258if_22
1564263,14258if_23
1565231,14258if_24
1564207,14258if_25
1565539,14258if_26
1565411,14258if_27
1565811,14258if_28
1564931,14258if_29
1565239,14258if_30
1565463,14258if_31
1565291,14258if_32
1565999,14258if_33
1565331,14258if_34
1564251,14258if_35
1564451,14258if_36
1565947,14258if_37
1564467,14258if_38
1564319,14258if_39
1564867,14258if_40
1565683,14258if_41
1565503,14258if_42
1564891,14258if_43
1566019,14258if_44
1564955,14258if_45
1565471,14258if_46
1564999,14258if_47
1565587,14258if_48
1565855,14258if_49
1565443,14258if_50
1564607,14258if_51
1564267,14258if_52
1565643,14258if_53
1564959,14258if_54
1564507,14258if_55
1565559,14258if_56
1566007,14258if_57
1564307,14258if_58
1566023,14258if_59
1565959,14258if_60
1565499,14260if_21
1565875,14260if_22
1565607,14260if_23
1564379,14260if_24
1565867,14260if_25
1565003,14260if_26
1565199,14260if_27
1565715,14260if_28
1564447,14260if_29
1565507,14260if_30
1565911,14260if_31
1564471,14260if_32
1564903,14260if_33
1565187,14260if_34
1565299,14260if_35
1564283,14260if_36
1564423,14260if_37
1565155,14260if_38
1565371,14260if_39
1564987,14260if_40
1565035,14260if_41
1564347,14301if_20
1564847,14301if_21
1564175,14301if_22
1564963,14301if_23
1564239,14301if_24
1572363,14266if_10
1571771,14266if_11
1571347,14266if_12
1572599,14266if_13
1571499,14266if_14
1571563,14266if_15
1572479,14266if_16
1571839,14266if_17
1572739,14266if_18
1572103,14266if_19
1572219,14266if_20
1572771,14266if_21
1572127,14266if_22
1571379,14266if_23
1571687,14266if_24
1571907,14266if_25
1571827,14266if_26
1572403,14266if_27
1571579,14266if_28
1571831,14266if_29
1571311,14266if_30
1572603,14266if_31
1571903,14266if_32
1571975,14266if_33
1572531,14266if_34
1572427,14266if_35
1571651,14266if_36
1571931,14266if_37
1571783,14266if_38
1571547,14266if_39
1572131,14266if_40
1572691,14266if_41
1571299,14266if_42
1572059,14266if_43
1571727,14266if_44
1572371,14266if_45
1571475,14266if_46
1572467,14266if_47
1571591,14266if_48
1572699,14266if_49
1571635,14266if_50
1572675,14266if_51
1571555,14266if_52
1571275,14266if_53
1571951,14266if_54
1572787,14266if_6
1572147,14266if_7
1571423,14266if_8
1572367,14266if_9
1572395,14268if_12
1572463,14268if_13
1571883,14268if_14
1571319,14268if_15
1572411,14268if_17
1572167,14268if_18
1572119,14268if_19
1571383,14268if_20
1571543,14268if_22
1572063,14268if_23
1571303,14268if_24
1571483,14268if_25
1571535,14268if_26
1571395,14268if_27
1572703,14268if_28
1571607,14268if_29
1572487,14268if_30
1572743,14268if_31
1571991,14268if_32
1571959,14268if_33
1572183,14268if_35
1572391,14268if_36
1572375,14268if_37
1571331,14268if_38
1571479,14268if_39
1572543,14268if_40
1571575,14268if_41
1572719,14268if_42
1571263,14268if_43
1572143,14268if_44
1572707,14268if_45
1571711,14268if_46
1572723,14268if_47
1571363,14268if_48
1571399,14268if_49
1571963,14268if_50
1572247,14268if_51
1572139,14268if_52
1571471,14268if_53
1572471,14268if_54
1572831,14268if_55
1572115,14268if_56
1572019,14268if_57
1571611,14268if_58
1571355,14268if_59
1572451,14268if_60
1571291,14268if_61
1572535,14270if_10
1572331,14270if_11
1572727,14270if_12
1571939,14270if_13
1572091,14270if_14
1571503,14270if_15
1572335,14270if_16
1571335,14270if_17
1571915,14270if_18
1571879,14270if_19
1572399,14270if_20
1571599,14270if_21
1572099,14270if_22
1572315,14270if_23
1572199,14270if_24
1572047,14270if_25
1571855,14270if_26
1572547,14270if_27
1571927,14270if_28
1572715,14270if_30
1572123,14270if_31
1572307,14270if_32
1572291,14270if_33
1572579,14270if_34
1572647,14270if_35
1571719,14270if_36
1572151,14270if_37
1571987,14270if_38
1571615,14270if_39
1571603,14270if_40
1572071,14270if_41
1572435,14270if_42
1571695,14270if_44
1571995,14270if_45
1571743,14270if_48
1572815,14270if_49
1572519,14270if_51
1572759,14270if_52
1571631,14270if_53
1571371,14270if_54
1571531,14270if_6
1572551,14270if_61
1572419,14270if_62
1571923,14270if_63
1571467,14270if_65
1572671,14270if_66
1572107,14270if_7
1571703,14270if_8
1571715,14270if_9
1572791,14273if_12
1571699,14273if_13
1572455,14273if_14
1571811,14273if_15
1571947,14273if_16
1572003,14273if_17
1571967,14273if_18
1572223,14273if_19
1572527,14273if_20
1572583,14273if_21
1572423,14273if_22
1572327,14273if_23
1571627,14273if_24
1571419,14273if_25
1571283,14273if_26
1572243,14273if_27
1572563,14273if_28
1572259,14273if_29
1572271,14273if_30
1572215,14273if_31
1571255,14273if_32
1572767,14273if_33
1572055,14273if_34
1572191,14273if_35
1571819,14273if_36
1572515,14273if_37
1572239,14273if_38
1572067,14273if_39
1572195,14273if_40
1571823,14273if_41
1571323,14273if_42
1572803,14273if_43
1571843,14273if_44
1571767,14273if_45
1571391,14273if_46
1571539,14273if_47
1571487,14273if_48
1572775,14273if_49
1571755,14273if_50
1572559,14273if_51
1571667,14273if_52
1571731,14273if_53
1571759,14273if_54
1572231,14273if_55
1571443,14273if_56
1571459,14273if_57
1572763,14273if_58
1572495,14273if_59
1572695,14273if_60
1572175,14276if_10
1572211,14276if_11
1572027,14276if_12
1572339,14276if_13
1572035,14276if_14
1572679,14276if_15
1571571,14276if_16
1571787,14276if_17
1571407,14276if_18
1571447,14276if_19
1571387,14276if_20
1572823,14276if_21
1571847,14276if_22
1572355,14276if_23
1571367,14276if_24
1571567,14276if_25
1571795,14276if_26
1571559,14276if_27
1571683,14276if_28
1572507,14276if_29
1572567,14276if_30
1572683,14276if_31
1571747,14276if_32
1572611,14276if_33
1571583,14276if_34
1571895,14276if_35
1572263,14276if_37
1572807,14276if_38
1571871,14276if_39
1572267,14276if_40
1572591,14276if_41
1572783,14276if_42
1572155,14276if_43
1572503,14276if_44
1571343,14276if_45
1572819,14276if_46
1572651,14276if_47
1572623,14276if_48
1571851,14276if_49
1571647,14276if_50
1571595,14276if_51
1572655,14276if_52
1572343,14276if_53
1571863,14276if_54
1572051,14276if_6
1572163,14276if_61
1571867,14276if_7
1572447,14276if_8
1571671,14276if_9
1572299,14279if_12
1571815,14279if_13
1571287,14279if_14
1572283,14279if_15
1571307,14279if_16
1572499,14279if_17
1572571,14279if_18
1571403,14279if_19
1571971,14279if_20
1571779,14279if_21
1572203,14279if_22
1572667,14279if_23
1572659,14279if_24
1572159,14279if_25
1572275,14279if_26
1571295,14279if_27
1571519,14279if_28
1572459,14279if_29
1572431,14279if_30
1572731,14279if_31
1572295,14279if_32
1572711,14279if_33
1571655,14279if_34
1572631,14279if_35
1572627,14279if_36
1572095,14279if_37
1572347,14279if_38
1571875,14279if_39
1571551,14279if_40
1572323,14279if_41
1571791,14279if_42
1572319,14279if_43
1572539,14279if_44
1571427,14279if_45
1572475,14279if_46
1572595,14279if_47
1571891,14279if_48
1571451,14279if_49
1571679,14279if_50
1572379,14279if_51
1572075,14279if_52
1571639,14279if_53
1571739,14279if_54
1572827,14279if_55
1572635,14279if_56
1571327,14279if_57
1572735,14279if_58
1572511,14279if_59
1571935,14279if_60
1571511,14281if_10
1571491,14281if_11
1572523,14281if_12
1571587,14281if_13
1571279,14281if_14
1571271,14281if_15
1571339,14281if_17
1572311,14281if_18
1571455,14281if_19
1572639,14281if_20
1572799,14281if_21
1571887,14281if_22
1571663,14281if_23
1572587,14281if_24
1572087,14281if_25
1572011,14281if_26
1572255,14281if_27
1572407,14281if_28
1571495,14281if_29
1571691,14281if_30
1572415,14281if_31
1571859,14281if_33
1572135,14281if_34
1572607,14281if_35
1572663,14281if_36
1572359,14281if_37
1572443,14281if_38
1571351,14281if_39
1571763,14281if_40
1572755,14281if_41
1571799,14281if_42
1571675,14281if_43
1572483,14281if_44
1572227,14281if_45
1571439,14281if_46
1571943,14281if_47
1571527,14281if_48
1572251,14281if_49
1572015,14281if_50
1571899,14281if_51
1571735,14281if_52
1571431,14281if_53
1571955,14281if_54
1572287,14281if_6
1572023,14281if_7
1572687,14281if_8
1571803,14281if_9
1572751,14285if_12
1571507,14285if_13
1571415,14285if_14
1571259,14285if_15
1572811,14285if_16
1572235,14285if_17
1572043,14285if_18
1572187,14285if_19
1572643,14285if_20
1571267,14285if_21
1571463,14285if_22
1571999,14285if_23
1572079,14285if_24
1572615,14285if_25
1571751,14285if_26
1571375,14285if_27
1572207,14285if_28
1571359,14285if_29
1571643,14285if_30
1571835,14285if_31
1572083,14285if_33
1571983,14285if_34
1572031,14285if_35
1572491,14285if_36
1571315,14285if_37
1571775,14285if_38
1572555,14285if_39
1571979,14285if_40
1571435,14285if_41
1571619,14285if_42
1572111,14285if_43
1572795,14285if_44
1572171,14285if_45
1571523,14285if_46
1571659,14285if_47
1572575,14285if_48
1571807,14285if_49
1571707,14285if_50
1572619,14285if_51
1572747,14285if_52
1572779,14285if_53
1571723,14285if_54
1572179,14285if_55
1571251,14285if_56
1572387,14285if_57
1572351,14285if_58
1571623,14285if_59
1571411,14285if_60
1572383,14285if_61
1571515,14285if_62
1571919,14285if_63
1571911,14285if_64
1572007,14285if_65
1572303,14301if_14
1572279,14301if_15
1717633,15342sf_13
1717125,15342sf_14
1717637,15342sf_15
1717641,15342sf_17
1717133,15342sf_18
1717645,15342sf_19
1717137,15342sf_20
1717649,15342sf_21
1717141,15342sf_22
1717653,15342sf_23
1717145,15342sf_24
1717149,15342sf_26
1717661,15342sf_27
1717153,15342sf_28
1717665,15342sf_29
1717157,15342sf_30
1717669,15342sf_31
1717161,15342sf_32
1717673,15342sf_33
1717677,15342sf_35
1717169,15342sf_36
1717681,15342sf_37
1717173,15342sf_38
1717685,15342sf_39
1717177,15342sf_40
1717689,15342sf_41
1717181,15342sf_42
1717693,15342sf_43
1717185,15342sf_44
1717189,15342sf_46
1717701,15342sf_47
1717193,15342sf_48
1717705,15342sf_49
1717197,15342sf_50
1717709,15342sf_51
1717201,15342sf_52
1717713,15342sf_53
1717205,15342sf_54
1717717,15342sf_55
1717209,15342sf_56
1717721,15342sf_57
1717213,15342sf_58
1717725,15342sf_59
1717217,15342sf_60
1717129,15342sf_62
1717657,15342sf_63
1717165,15342sf_64
1717697,15342sf_65
1717729,15344sf_13
1717221,15344sf_14
1717733,15344sf_15
1717225,15344sf_16
1717737,15344sf_17
1717229,15344sf_18
1717741,15344sf_19
1717233,15344sf_20
1717745,15344sf_21
1717237,15344sf_22
1717749,15344sf_23
1717241,15344sf_24
1717753,15344sf_25
1717245,15344sf_26
1717757,15344sf_27
1717249,15344sf_28
1717761,15344sf_29
1717253,15344sf_30
1717765,15344sf_31
1717257,15344sf_32
1717769,15344sf_33
1717261,15344sf_34
1717773,15344sf_35
1717265,15344sf_36
1717777,15344sf_37
1717269,15344sf_38
1717781,15344sf_39
1717273,15344sf_40
1717785,15344sf_41
1717277,15344sf_42
1717789,15344sf_43
1717285,15344sf_44
1717793,15344sf_45
1717289,15344sf_46
1717797,15344sf_47
1717293,15344sf_48
1717801,15344sf_49
1717297,15344sf_50
1717805,15344sf_51
1717301,15344sf_52
1717809,15344sf_53
1717305,15344sf_54
1717813,15344sf_55
1717309,15344sf_56
1717817,15344sf_57
1717821,15344sf_59
1717317,15344sf_60
1717325,15346sf_10
1717833,15346sf_11
1717329,15346sf_12
1717837,15346sf_13
1717333,15346sf_14
1717841,15346sf_15
1717337,15346sf_16
1717845,15346sf_17
1717341,15346sf_18
1717849,15346sf_19
1717345,15346sf_20
1717853,15346sf_21
1717349,15346sf_22
1717857,15346sf_23
1717353,15346sf_24
1717861,15346sf_25
1717357,15346sf_26
1717865,15346sf_27
1717361,15346sf_28
1717869,15346sf_29
1717365,15346sf_30
1717873,15346sf_31
1717369,15346sf_32
1717877,15346sf_33
1717373,15346sf_34
1717881,15346sf_35
1717377,15346sf_36
1717885,15346sf_37
1717889,15346sf_39
1717385,15346sf_40
1717893,15346sf_41
1717389,15346sf_42
1717897,15346sf_43
1717393,15346sf_44
1717901,15346sf_45
1717397,15346sf_46
1717905,15346sf_47
1717401,15346sf_48
1717909,15346sf_49
1717405,15346sf_50
1717913,15346sf_51
1717409,15346sf_52
1717917,15346sf_53
1717381,15346sf_61
1717413,15346sf_62
1717825,15346sf_7
1717321,15346sf_8
1717829,15346sf_9
1716929,15348sf_13
1717441,15348sf_14
1716933,15348sf_15
1717445,15348sf_16
1716937,15348sf_17
1717449,15348sf_18
1716941,15348sf_19
1717453,15348sf_20
1716945,15348sf_21
1717457,15348sf_22
1716949,15348sf_23
1717461,15348sf_24
1716953,15348sf_25
1717465,15348sf_26
1717469,15348sf_28
1716961,15348sf_29
1717473,15348sf_30
1716965,15348sf_31
1717477,15348sf_32
1716969,15348sf_33
1717481,15348sf_34
1716973,15348sf_35
1717485,15348sf_36
1716977,15348sf_37
1717489,15348sf_38
1716981,15348sf_39
1717493,15348sf_40
1716985,15348sf_41
1717497,15348sf_42
1716989,15348sf_43
1717501,15348sf_44
1716993,15348sf_45
1717505,15348sf_46
1716997,15348sf_47
1717509,15348sf_48
1717513,15348sf_50
1717005,15348sf_51
1717517,15348sf_52
1717521,15348sf_54
1717013,15348sf_55
1717525,15348sf_56
1717017,15348sf_57
1717529,15348sf_58
1717533,15348sf_60
1716957,15348sf_61
1717001,15348sf_62
1717009,15348sf_63
1717021,15348sf_64
1717025,15350sf_12
1717537,15350sf_13
1717029,15350sf_14
1717541,15350sf_15
1717033,15350sf_16
1717545,15350sf_17
1717037,15350sf_18
1717549,15350sf_19
1717041,15350sf_20
1717553,15350sf_21
1717045,15350sf_22
1717557,15350sf_23
1717049,15350sf_24
1717561,15350sf_25
1717053,15350sf_26
1717565,15350sf_27
1717057,15350sf_28
1717569,15350sf_29
1717061,15350sf_30
1717573,15350sf_31
1717065,15350sf_32
1717577,15350sf_33
1717069,15350sf_34
1717581,15350sf_35
1717073,15350sf_36
1717585,15350sf_37
1717077,15350sf_38
1717589,15350sf_39
1717081,15350sf_40
1717593,15350sf_41
1717085,15350sf_42
1717597,15350sf_43
1717089,15350sf_44
1717601,15350sf_45
1717093,15350sf_46
1717605,15350sf_47
1717097,15350sf_48
1717609,15350sf_49
1717101,15350sf_50
1717613,15350sf_51
1717105,15350sf_52
1717617,15350sf_53
1717109,15350sf_54
1717621,15350sf_55
1717113,15350sf_56
1717625,15350sf_57
1717117,15350sf_58
1717121,15350sf_60
1717921,15350sf_64
1717417,15350sf_65
1717925,15350sf_66
1717421,15350sf_67
1717929,15350sf_68
1717425,15350sf_69
1717933,15350sf_70
1717429,15350sf_71
1717937,15350sf_72
1717433,15350sf_73
1717941,15350sf_74
1717437,15350sf_75
1717945,15350sf_76
1717949,15350sf_77
1717629,15350sf_78
1719929,16005sf_10
1720689,16005sf_11
1719933,16005sf_12
1720693,16005sf_13
1719937,16005sf_14
1720697,16005sf_15
1719941,16005sf_16
1720701,16005sf_17
1719945,16005sf_18
1720705,16005sf_19
1719953,16005sf_20
1720709,16005sf_21
1719957,16005sf_22
1720713,16005sf_23
1719961,16005sf_24
1720717,16005sf_25
1719965,16005sf_26
1720721,16005sf_27
1719969,16005sf_28
1720725,16005sf_29
1719973,16005sf_30
1720729,16005sf_31
1719977,16005sf_32
1720733,16005sf_33
1719981,16005sf_34
1720737,16005sf_35
1719985,16005sf_36
1720741,16005sf_37
1719989,16005sf_38
1720745,16005sf_39
1719993,16005sf_40
1720749,16005sf_41
1719997,16005sf_42
1720753,16005sf_43
1720001,16005sf_44
1720757,16005sf_45
1720005,16005sf_46
1720761,16005sf_47
1720009,16005sf_48
1720765,16005sf_49
1720013,16005sf_50
1720769,16005sf_51
1720017,16005sf_52
1720773,16005sf_53
1720021,16005sf_54
1719921,16005sf_6
1720677,16005sf_7
1719925,16005sf_8
1720685,16005sf_9
1720777,16007sf_12
1720025,16007sf_13
1720781,16007sf_14
1720029,16007sf_15
1720785,16007sf_16
1720033,16007sf_17
1720789,16007sf_18
1720037,16007sf_19
1720793,16007sf_20
1720041,16007sf_21
1720797,16007sf_22
1720045,16007sf_23
1720801,16007sf_24
1720049,16007sf_25
1720805,16007sf_26
1720053,16007sf_27
1720809,16007sf_28
1720057,16007sf_29
1720813,16007sf_30
1720061,16007sf_31
1720817,16007sf_32
1720065,16007sf_33
1720821,16007sf_34
1720069,16007sf_35
1720825,16007sf_36
1720073,16007sf_37
1720829,16007sf_38
1720077,16007sf_39
1720833,16007sf_40
1720081,16007sf_41
1720837,16007sf_42
1720085,16007sf_43
1720841,16007sf_44
1720089,16007sf_45
1720845,16007sf_46
1720093,16007sf_47
1720849,16007sf_48
1720097,16007sf_49
1720853,16007sf_50
1720101,16007sf_51
1720857,16007sf_52
1720105,16007sf_53
1720861,16007sf_54
1720109,16007sf_55
1720865,16007sf_56
1720113,16007sf_57
1720869,16007sf_58
1720117,16007sf_59
1720873,16007sf_60
1720129,16009sf_10
1720885,16009sf_11
1720133,16009sf_12
1720889,16009sf_13
1720137,16009sf_14
1720893,16009sf_15
1720141,16009sf_16
1720897,16009sf_17
1720145,16009sf_18
1720901,16009sf_19
1720149,16009sf_20
1720905,16009sf_21
1720153,16009sf_22
1720909,16009sf_23
1720157,16009sf_24
1720913,16009sf_25
1720161,16009sf_26
1720917,16009sf_27
1720165,16009sf_28
1720921,16009sf_29
1720169,16009sf_30
1720925,16009sf_31
1720173,16009sf_32
1720929,16009sf_33
1720177,16009sf_34
1720933,16009sf_35
1720181,16009sf_36
1720937,16009sf_37
1720185,16009sf_38
1720941,16009sf_39
1720189,16009sf_40
1720945,16009sf_41
1720193,16009sf_42
1720949,16009sf_43
1720197,16009sf_44
1720953,16009sf_45
1720201,16009sf_46
1720957,16009sf_47
1720205,16009sf_48
1720961,16009sf_49
1720209,16009sf_50
1720965,16009sf_51
1720213,16009sf_52
1720969,16009sf_53
1720217,16009sf_54
1720121,16009sf_6
1720877,16009sf_7
1720125,16009sf_8
1720881,16009sf_9
1720973,16011sf_12
1720221,16011sf_13
1720977,16011sf_14
1720225,16011sf_15
1720981,16011sf_16
1720229,16011sf_17
1720985,16011sf_18
1720233,16011sf_19
1720989,16011sf_20
1720237,16011sf_21
1720993,16011sf_22
1720241,16011sf_23
1720997,16011sf_24
1720245,16011sf_25
1721001,16011sf_26
1720249,16011sf_27
1721005,16011sf_28
1720253,16011sf_29
1721009,16011sf_30
1720257,16011sf_31
1721013,16011sf_32
1720261,16011sf_33
1721017,16011sf_34
1720265,16011sf_35
1721021,16011sf_36
1720269,16011sf_37
1721025,16011sf_38
1720273,16011sf_39
1721029,16011sf_40
1720277,16011sf_41
1721033,16011sf_42
1720281,16011sf_43
1721037,16011sf_44
1720285,16011sf_45
1721041,16011sf_46
1720289,16011sf_47
1721045,16011sf_48
1720293,16011sf_49
1721049,16011sf_50
1720297,16011sf_51
1721053,16011sf_52
1720301,16011sf_53
1721057,16011sf_54
1720305,16011sf_55
1721061,16011sf_56
1720309,16011sf_57
1721065,16011sf_58
1720313,16011sf_59
1721069,16011sf_60
1720325,16013sf_10
1721081,16013sf_11
1720329,16013sf_12
1721085,16013sf_13
1720333,16013sf_14
1721089,16013sf_15
1720337,16013sf_16
1721093,16013sf_17
1720341,16013sf_18
1721097,16013sf_19
1720345,16013sf_20
1721101,16013sf_21
1720349,16013sf_22
1721105,16013sf_23
1720353,16013sf_24
1721109,16013sf_25
1720357,16013sf_26
1721113,16013sf_27
1720361,16013sf_28
1721117,16013sf_29
1720365,16013sf_30
1721121,16013sf_31
1720369,16013sf_32
1721125,16013sf_33
1720373,16013sf_34
1721129,16013sf_35
1720377,16013sf_36
1721133,16013sf_37
1720381,16013sf_38
1721137,16013sf_39
1720385,16013sf_40
1721141,16013sf_41
1720389,16013sf_42
1721145,16013sf_43
1720393,16013sf_44
1721149,16013sf_45
1720397,16013sf_46
1721153,16013sf_47
1720401,16013sf_48
1721157,16013sf_49
1720405,16013sf_50
1721165,16013sf_51
1720409,16013sf_52
1721169,16013sf_53
1720413,16013sf_54
1720317,16013sf_6
1721073,16013sf_7
1720321,16013sf_8
1721077,16013sf_9
1721173,16015sf_12
1720417,16015sf_13
1721177,16015sf_14
1720421,16015sf_15
1721181,16015sf_16
1720425,16015sf_17
1721185,16015sf_18
1720429,16015sf_19
1721189,16015sf_20
1720433,16015sf_21
1721193,16015sf_22
1720437,16015sf_23
1721197,16015sf_24
1720441,16015sf_25
1721201,16015sf_26
1720445,16015sf_27
1721205,16015sf_28
1720449,16015sf_29
1721209,16015sf_30
1720453,16015sf_31
1721213,16015sf_32
1720457,16015sf_33
1721217,16015sf_34
1720461,16015sf_35
1721221,16015sf_36
1720465,16015sf_37
1721225,16015sf_38
1720469,16015sf_39
1721229,16015sf_40
1720473,16015sf_41
1721233,16015sf_42
1720477,16015sf_43
1721237,16015sf_44
1720481,16015sf_45
1721241,16015sf_46
1720485,16015sf_47
1721245,16015sf_48
1720489,16015sf_49
1721249,16015sf_50
1720493,16015sf_51
1721253,16015sf_52
1720497,16015sf_53
1721257,16015sf_54
1720501,16015sf_55
1721261,16015sf_56
1720505,16015sf_57
1721265,16015sf_58
1720509,16015sf_59
1721269,16015sf_60
1720521,16018sf_10
1721281,16018sf_11
1720525,16018sf_12
1721285,16018sf_13
1720529,16018sf_14
1721289,16018sf_15
1720533,16018sf_16
1721293,16018sf_17
1720537,16018sf_18
1721297,16018sf_19
1720541,16018sf_20
1721301,16018sf_21
1720545,16018sf_22
1721305,16018sf_23
1720549,16018sf_24
1721309,16018sf_25
1720553,16018sf_26
1721317,16018sf_27
1720557,16018sf_28
1721321,16018sf_29
1720561,16018sf_30
1721325,16018sf_31
1720565,16018sf_32
1721329,16018sf_33
1720569,16018sf_34
1721333,16018sf_35
1720573,16018sf_36
1721337,16018sf_37
1720577,16018sf_38
1721341,16018sf_39
1720581,16018sf_40
1721345,16018sf_41
1720585,16018sf_42
1721349,16018sf_43
1720589,16018sf_44
1721353,16018sf_45
1720593,16018sf_46
1720597,16018sf_48
1721361,16018sf_49
1720601,16018sf_50
1721365,16018sf_51
1720605,16018sf_52
1721369,16018sf_53
1720609,16018sf_54
1720513,16018sf_6
1721357,16018sf_62
1721273,16018sf_7
1720517,16018sf_8
1721277,16018sf_9
1721377,16020sf_10
1720617,16020sf_11
1721381,16020sf_12
1720621,16020sf_13
1721385,16020sf_14
1720625,16020sf_15
1721389,16020sf_16
1720629,16020sf_17
1721393,16020sf_18
1720633,16020sf_19
1721397,16020sf_20
1720637,16020sf_21
1721401,16020sf_22
1720641,16020sf_23
1721405,16020sf_24
1720645,16020sf_25
1721409,16020sf_26
1720649,16020sf_27
1721413,16020sf_28
1720653,16020sf_29
1721417,16020sf_30
1720657,16020sf_31
1721421,16020sf_32
1720661,16020sf_33
1721425,16020sf_34
1720665,16020sf_35
1721429,16020sf_36
1720669,16020sf_37
1721433,16020sf_38
1720673,16020sf_39
1721437,16020sf_40
1720681,16020sf_41
1721373,16020sf_8
1720613,16020sf_9
1717985,16025sf_10
1717993,16025sf_11
1718001,16025sf_12
1718009,16025sf_13
1718017,16025sf_14
1718025,16025sf_15
1718033,16025sf_16
1718041,16025sf_17
1718049,16025sf_18
1718057,16025sf_19
1718065,16025sf_20
1718073,16025sf_21
1718081,16025sf_22
1718089,16025sf_23
1718097,16025sf_24
1718105,16025sf_25
1718113,16025sf_26
1718121,16025sf_27
1718129,16025sf_28
1718137,16025sf_29
1718145,16025sf_30
1718153,16025sf_31
1718161,16025sf_32
1718169,16025sf_33
1718177,16025sf_34
1718185,16025sf_35
1718193,16025sf_36
1718201,16025sf_37
1718209,16025sf_38
1718217,16025sf_39
1718225,16025sf_40
1718233,16025sf_41
1718241,16025sf_42
1718249,16025sf_43
1718257,16025sf_44
1718265,16025sf_45
1718273,16025sf_46
1718281,16025sf_47
1718289,16025sf_48
1718297,16025sf_49
1718305,16025sf_50
1718313,16025sf_51
1718321,16025sf_52
1718329,16025sf_53
1718337,16025sf_54
1717953,16025sf_6
1717961,16025sf_7
1717969,16025sf_8
1717977,16025sf_9
1718345,16027sf_12
1718353,16027sf_13
1718361,16027sf_14
1718369,16027sf_15
1718377,16027sf_16
1718385,16027sf_17
1718393,16027sf_18
1718401,16027sf_19
1718409,16027sf_20
1718417,16027sf_21
1718425,16027sf_22
1718433,16027sf_23
1718441,16027sf_24
1718449,16027sf_25
1718457,16027sf_26
1718465,16027sf_27
1718473,16027sf_28
1718481,16027sf_29
1718489,16027sf_30
1718497,16027sf_31
1718505,16027sf_32
1718513,16027sf_33
1718521,16027sf_34
1718529,16027sf_35
1718537,16027sf_36
1718545,16027sf_37
1718553,16027sf_38
1718561,16027sf_39
1718569,16027sf_40
1718577,16027sf_41
1718585,16027sf_42
1718593,16027sf_43
1718601,16027sf_44
1718609,16027sf_45
1718617,16027sf_46
1718625,16027sf_47
1718633,16027sf_48
1718641,16027sf_49
1718649,16027sf_50
1718657,16027sf_51
1718665,16027sf_52
1718673,16027sf_53
1718681,16027sf_54
1718689,16027sf_55
1718697,16027sf_56
1718705,16027sf_57
1718713,16027sf_58
1718721,16027sf_59
1718729,16027sf_60
1718769,16029sf_10
1718777,16029sf_11
1718785,16029sf_12
1718793,16029sf_13
1718801,16029sf_14
1718809,16029sf_15
1718817,16029sf_16
1718825,16029sf_17
1718833,16029sf_18
1718841,16029sf_19
1718849,16029sf_20
1718857,16029sf_21
1718865,16029sf_22
1718873,16029sf_23
1718881,16029sf_24
1718889,16029sf_25
1718897,16029sf_26
1718905,16029sf_27
1718913,16029sf_28
1718921,16029sf_29
1718929,16029sf_30
1718937,16029sf_31
1718945,16029sf_32
1718953,16029sf_33
1717957,16029sf_34
1717965,16029sf_35
1717973,16029sf_36
1717981,16029sf_37
1717989,16029sf_38
1717997,16029sf_39
1718005,16029sf_40
1718013,16029sf_41
1718021,16029sf_42
1718029,16029sf_43
1718037,16029sf_44
1718045,16029sf_45
1718053,16029sf_46
1718061,16029sf_47
1718069,16029sf_48
1718077,16029sf_49
1718085,16029sf_50
1718093,16029sf_51
1718101,16029sf_52
1718109,16029sf_53
1718117,16029sf_54
1718737,16029sf_6
1718745,16029sf_7
1718753,16029sf_8
1718761,16029sf_9
1718125,16032sf_13
1718133,16032sf_14
1718141,16032sf_15
1718149,16032sf_16
1718157,16032sf_17
1718165,16032sf_18
1718173,16032sf_19
1718181,16032sf_20
1718189,16032sf_21
1718197,16032sf_22
1718205,16032sf_23
1718213,16032sf_24
1718221,16032sf_25
1718229,16032sf_26
1718237,16032sf_27
1718245,16032sf_28
1718253,16032sf_29
1718261,16032sf_30
1718269,16032sf_31
1718277,16032sf_32
1718285,16032sf_33
1718293,16032sf_34
1718301,16032sf_35
1718309,16032sf_36
1718317,16032sf_37
1718325,16032sf_38
1718333,16032sf_39
1718341,16032sf_40
1718349,16032sf_41
1718357,16032sf_42
1718365,16032sf_43
1718373,16032sf_44
1718381,16032sf_45
1718389,16032sf_46
1718397,16032sf_47
1718405,16032sf_48
1718413,16032sf_49
1718421,16032sf_50
1718429,16032sf_51
1718437,16032sf_52
1718445,16032sf_53
1718453,16032sf_54
1718461,16032sf_55
1718469,16032sf_56
1718477,16032sf_57
1718485,16032sf_58
1718493,16032sf_59
1718501,16032sf_60
1718541,16034sf_10
1718549,16034sf_11
1718557,16034sf_12
1718565,16034sf_13
1718573,16034sf_14
1718581,16034sf_15
1718589,16034sf_16
1718597,16034sf_17
1718605,16034sf_18
1718613,16034sf_19
1718621,16034sf_20
1718629,16034sf_21
1718637,16034sf_22
1718645,16034sf_23
1718653,16034sf_24
1718661,16034sf_25
1718669,16034sf_26
1718677,16034sf_27
1718685,16034sf_28
1718693,16034sf_29
1718701,16034sf_30
1718709,16034sf_31
1718717,16034sf_32
1718725,16034sf_33
1718733,16034sf_34
1718741,16034sf_35
1718749,16034sf_36
1718757,16034sf_37
1718765,16034sf_38
1718773,16034sf_39
1718781,16034sf_40
1718789,16034sf_41
1718797,16034sf_42
1718805,16034sf_43
1718813,16034sf_44
1718821,16034sf_45
1718829,16034sf_46
1718837,16034sf_47
1718845,16034sf_48
1718853,16034sf_49
1718861,16034sf_50
1718869,16034sf_51
1718877,16034sf_52
1718885,16034sf_53
1718893,16034sf_54
1718509,16034sf_6
1718517,16034sf_7
1718525,16034sf_8
1718533,16034sf_9
1718901,16036sf_12
1718909,16036sf_13
1718917,16036sf_14
1718925,16036sf_15
1718933,16036sf_16
1718941,16036sf_17
1718949,16036sf_18
1718957,16036sf_19
