1716929,15348sf_13
1716933,15348sf_15
1716937,15348sf_17
1716941,15348sf_19
1716945,15348sf_21
1716949,15348sf_23
1716953,15348sf_25
1716957,15348sf_61
1716961,15348sf_29
1716965,15348sf_31
1716969,15348sf_33
1716973,15348sf_35
1716977,15348sf_37
1716981,15348sf_39
1716985,15348sf_41
1716989,15348sf_43
1716993,15348sf_45
1716997,15348sf_47
1717001,15348sf_62
1717005,15348sf_51
1717009,15348sf_63
1717013,15348sf_55
1717017,15348sf_57
1717021,15348sf_64
1717025,15350sf_12
1717029,15350sf_14
1717033,15350sf_16
1717037,15350sf_18
1717041,15350sf_20
1717045,15350sf_22
1717049,15350sf_24
1717053,15350sf_26
1717057,15350sf_28
1717061,15350sf_30
1717065,15350sf_32
1717069,15350sf_34
1717073,15350sf_36
1717077,15350sf_38
1717081,15350sf_40
1717085,15350sf_42
1717089,15350sf_44
1717093,15350sf_46
1717097,15350sf_48
1717101,15350sf_50
1717105,15350sf_52
1717109,15350sf_54
1717113,15350sf_56
1717117,15350sf_58
1717121,15350sf_60
1717125,15342sf_14
1717129,15342sf_62
1717133,15342sf_18
1717137,15342sf_20
1717141,15342sf_22
1717145,15342sf_24
1717149,15342sf_26
1717153,15342sf_28
1717157,15342sf_30
1717161,15342sf_32
1717165,15342sf_64
1717169,15342sf_36
1717173,15342sf_38
1717177,15342sf_40
1717181,15342sf_42
1717185,15342sf_44
1717189,15342sf_46
1717193,15342sf_48
1717197,15342sf_50
1717201,15342sf_52
1717205,15342sf_54
1717209,15342sf_56
1717213,15342sf_58
1717217,15342sf_60
1717221,15344sf_14
1717225,15344sf_16
1717229,15344sf_18
1717233,15344sf_20
1717237,15344sf_22
1717241,15344sf_24
1717245,15344sf_26
1717249,15344sf_28
1717253,15344sf_30
1717257,15344sf_32
1717261,15344sf_34
1717265,15344sf_36
1717269,15344sf_38
1717273,15344sf_40
1717277,15344sf_42
1717285,15344sf_44
1717289,15344sf_46
1717293,15344sf_48
1717297,15344sf_50
1717301,15344sf_52
1717305,15344sf_54
1717309,15344sf_56
1717313,15344sf_58
1717317,15344sf_60
1717321,15346sf_8
1717325,15346sf_10
1717329,15346sf_12
1717333,15346sf_14
1717337,15346sf_16
1717341,15346sf_18
1717345,15346sf_20
1717349,15346sf_22
1717353,15346sf_24
1717357,15346sf_26
1717361,15346sf_28
1717365,15346sf_30
1717369,15346sf_32
1717373,15346sf_34
1717377,15346sf_36
1717381,15346sf_61
1717385,15346sf_40
1717389,15346sf_42
1717393,15346sf_44
1717397,15346sf_46
1717401,15346sf_48
1717405,15346sf_50
1717409,15346sf_52
1717413,15346sf_62
1717417,15350sf_65
1717421,15350sf_67
1717425,15350sf_69
1717429,15350sf_71
1717433,15350sf_73
1717437,15350sf_75
1717441,15348sf_14
1717445,15348sf_16
1717449,15348sf_18
1717453,15348sf_20
1717457,15348sf_22
1717461,15348sf_24
1717465,15348sf_26
1717469,15348sf_28
1717473,15348sf_30
1717477,15348sf_32
1717481,15348sf_34
1717485,15348sf_36
1717489,15348sf_38
1717493,15348sf_40
1717497,15348sf_42
1717501,15348sf_44
1717505,15348sf_46
1717509,15348sf_48
1717513,15348sf_50
1717517,15348sf_52
1717521,15348sf_54
1717525,15348sf_56
1717529,15348sf_58
1717533,15348sf_60
1717537,15350sf_13
1717541,15350sf_15
1717545,15350sf_17
1717549,15350sf_19
1717553,15350sf_21
1717557,15350sf_23
1717561,15350sf_25
1717565,15350sf_27
1717569,15350sf_29
1717573,15350sf_31
1717577,15350sf_33
1717581,15350sf_35
1717585,15350sf_37
1717589,15350sf_39
1717593,15350sf_41
1717597,15350sf_43
1717601,15350sf_45
1717605,15350sf_47
1717609,15350sf_49
1717613,15350sf_51
1717617,15350sf_53
1717621,15350sf_55
1717625,15350sf_57
1717629,15350sf_78
1717633,15342sf_13
1717637,15342sf_15
1717641,15342sf_17
1717645,15342sf_19
1717649,15342sf_21
1717653,15342sf_23
1717657,15342sf_63
1717661,15342sf_27
1717665,15342sf_29
1717669,15342sf_31
1717673,15342sf_33
1717677,15342sf_35
1717681,15342sf_37
1717685,15342sf_39
1717689,15342sf_41
1717693,15342sf_43
1717697,15342sf_65
1717701,15342sf_47
1717705,15342sf_49
1717709,15342sf_51
1717713,15342sf_53
1717717,15342sf_55
1717721,15342sf_57
1717725,15342sf_59
1717729,15344sf_13
1717733,15344sf_15
1717737,15344sf_17
1717741,15344sf_19
1717745,15344sf_21
1717749,15344sf_23
1717753,15344sf_25
1717757,15344sf_27
1717761,15344sf_29
1717765,15344sf_31
1717769,15344sf_33
1717773,15344sf_35
1717777,15344sf_37
1717781,15344sf_39
1717785,15344sf_41
1717789,15344sf_43
1717793,15344sf_45
1717797,15344sf_47
1717801,15344sf_49
1717805,15344sf_51
1717809,15344sf_53
1717813,15344sf_55
1717817,15344sf_57
1717821,15344sf_59
1717825,15346sf_7
1717829,15346sf_9
1717833,15346sf_11
1717837,15346sf_13
1717841,15346sf_15
1717845,15346sf_17
1717849,15346sf_19
1717853,15346sf_21
1717857,15346sf_23
1717861,15346sf_25
1717865,15346sf_27
1717869,15346sf_29
1717873,15346sf_31
1717877,15346sf_33
1717881,15346sf_35
1717885,15346sf_37
1717889,15346sf_39
1717893,15346sf_41
1717897,15346sf_43
1717901,15346sf_45
1717905,15346sf_47
1717909,15346sf_49
1717913,15346sf_51
1717917,15346sf_53
1717921,15350sf_64
1717925,15350sf_66
1717929,15350sf_68
1717933,15350sf_70
1717937,15350sf_72
1717941,15350sf_74
1717945,15350sf_76
1717949,15350sf_77
